Hospůdka Na Radnici;Sokolovská 14/324, 19000 Praha, Vysočany;www.hospudkanaradnici.cz;hospudkaradnice@email.cz;Nabídka hlavních jídel, těstovin, salátů, dezertů a specialit české kuchyně. Našim zákazníkům poskytneme nekuřácké prostory, zahrádku či parkoviště.;+420 725 708 050;České a staročeské restaurace,Restaurace,Restaurační a pohostinské služby
Sushikko;Cihelní 3199/75a, 70200 Ostrava, Moravská Ostrava;www.sushikko.cz;info@sushikko.cz;Sushi také jako polední menu, posezení a rozvoz po městě. Čerstvé sushi podáváme u nás, nebo dovezeme k Vám. Jídlo připravujeme až těsně před dodáním. Garantujeme čerstvost ryb, originální suroviny a přísady. Platba kartou na webu i kurýrovi při rozvozu.;+420 601 112 000;Japonské restaurace,Restaurace,Veganské a vegetariánské restaurace
Pizza Modena;Javorová 963/2, 18200 Praha, Kobylisy;www.pizzamodena.cz;info@pizzamodena.cz;Nabízíme čerstvé pizzy a těstoviny, možnost doručení na Vaší adresu zdarma.;+420 731 252 526;Pizzerie,Restaurace,Rozvoz pizzy
Pohostinec Karlín;Pobřežní 1/42, 18600 Praha, Karlín;karlin.pohostinec.cz;karlin@pohostinec.cz;Restaurace s moderní českou kuchyní. Důraz je kladen na kvalitní suroviny z lokálních zdrojů a jejich zpracování. V menu ale najdete i steaky ze stařeného masa s certifikací USDA, které jsou právě jedním z moderních twistů celého konceptu. Ideální místo pro setkání s přáteli i firemní akce.;+420 731 636 318;Restaurace,Mezinárodní restaurace,Restaurační a pohostinské služby
Pohostinec Monarch;Na Perštýně 349/15, 11000 Praha, Staré Město;www.monarch.cz;perstyn@monarch.cz;Toto místo má originální atmosféru. V menu najdete tradiční česká jídla, ale i steaky ze stařeného masa s certifikací USDA, které jsou jedním z moderních twistů celého konceptu. Nabízíme plzeňské pivo a polotmavého Blatenského Kohouta z jihočeské Blatné.;+420 224 239 602;Vinárny,Restaurace,Mezinárodní restaurace
Restaurace Marina;Lipno nad Vltavou, Slupečná 100, 38278;www.restaurace-marina.cz;restauracemarina@email.cz;Nově zrekonstruovaná restaurace s kapacitou 60 míst uvnitř a 80 míst na terase s krásným výhledem na jachetní přístav a Lipenské jezero. Nabízíme kvalitní steaky, čerstvé ryby, těstoviny a českou kuchyni. A nebo jen na dobrou kávu Cosmai s našimi dezerty.;+420 608 761 762;Restaurace,Mezinárodní restaurace,Rybí restaurace
Restaurace Dělnický dům;P. Bezruče 194, 46362 Hejnice;www.dum-delnicky.cz;delnickydum@email.cz;Nabídka jídel teplé a studené kuchyně a alkoholických i nealkoholických nápojů. K dispozici kuřácká i nekuřácká část s kapacitou 62 osob.;+420 482 322 297;Restaurace,České a staročeské restaurace,Pizzerie
Wellness hotel Rezidence Ambra****;Solné 1055, 76326 Luhačovice;www.hotel-ambra.cz;rezervace@hotel-ambra.cz;Wellness hotel nabízí ubytování v nadstandardně prostorných pokojích, širokou nabídku wellness procedur, zdarma hotelový bazén. Dětské hřiště, lanová dráha, lezecká stěna, trampolína, venkovní fitness, bowling, vinný sklípek, grilování. Hotel vhodný pro firemní akce, semináře a školení.;+420 577 154 111;Hotely,Kongresové a seminární hotely,Čtyřhvězdičkové hotely
Dream Food Bistro;Za Pískovnou 1210/2, 18400 Praha, Dolní Chabry;www.dreamfood.cz;info@dreamfood.cz;Naše bistro je místem, kde se spojuje moderní gastronomie a příjemná atmosféra, místem, kam se prostě budete rádi vracet. V moderním bistru s otevřenou kuchyní a vlastní pekárnou vám nabízíme po celý den pokrmy té nejvyšší kvality. Při jejich přípravě ctíme pravidla moderní gastronomie.;+420 775 129 841;Bistra,Restaurace,Restaurační a pohostinské služby
Golden Pacific Café;Radlická 520/117, 15800 Praha, Jinonice;www.goldenpacificcafe.com;info@goldenpacificcafe.com;Jsme mašinková restaurace, kavárna a cukrárna. Sami si vyrábíme narozeninové i svatební dorty, cukrářské a lahůdkářské speciality. Naší specialitou jsou Sněz kolik můžeš mašinkové jízdenky a umělecké 3D dorty. Vláčky vás obslouží až ke stolu. Postaráme se o zábavu pro vaše děti.;+420 601 558 806;Cukrárny,Kavárny,Dětské kavárny
Pizza West;náměstí Bratří Synků 5/1, 14000 Praha, Nusle;www.pizzawest.cz;info@pizzawest.cz;Dovoz k vám domů nebo do kanceláře. Rozvoz jídel po celé Praze. Pizzy, steaky, burgery, těstoviny, kuřecí křidélka, saláty, buritta, zapečené brambory. Pizza on-line objednávkový systém. Restaurace otevřená do 00:30h.;+420 241 741 489;Pizzerie,Italské restaurace,Restaurace
Pizza Grande;Limuzská 2110/8, 10800 Praha, Strašnice;www.pizzagrande.cz;limuzska@pizzagrande.cz;Nové prostory na staré adrese, nyní až 20 míst, letní velká zahrádka pro cca 40 lidí, útulný, nekuřácký prostor. Nabízíme pořád naší skvělou pizzu 33 a 50 cm, dále pak pivo Svijany 11, vynikající italské stáčené víno, příjemná obsluha, to už stojí za návštěvu. Rozvoz zdarma do 5 km.;+420 733 181 134;Restaurace,Pizzerie,Italské restaurace
Restaurace Na golfu;Kostelec u Křížků 171, 25168;www.sportklub171.cz;Nagolfu@sportklub171.cz;Pohodlí a vynikající nabídka našeho jídelního lístku, to vše najdete v naší restauraci. Okouzlující výhled na 18 jamkový green i rybník s dominanou věže kostela sv. Martina neustále odvádí pozornost od plného talíře. Pozitivní myšlenky navodí nejen výhledy.;+420 323 602 599;České a staročeské restaurace,Restaurace,Mezinárodní restaurace
Restaurace Pod Ledem;Ringhofferova 336, 25169 Velké Popovice;www.restauracepodledem.cz;j.p.tabak@seznam.cz;Restaurace je zcela nekuřácká. Česká i mezinárodní kuchyně, čepovaný kozel, letní zahrádka, dětské hřiště, vlastní udírna s grilem. Svatby, konferenční místnost, sezónní, sportovní a firemní akce. Vlastní parkoviště, TV-SAT, připojení Wifi.;+420 323 665 225;Restaurace,Hotelové restaurace,Pronájem prostor pro školení, akce, svatby a večírky
La Bodeguita del Medio;Kaprova 19/5, 11000 Praha, Josefov;www.labodeguitadelmedio.cz;bodeguita@bodeguita.cz;Vítáme Vás v kubánském restaurant music baru, v místě, kde v Praze najdete kousek horké živelné Havany. Od pondělí do neděle Vás zde ve 20:00 čeká živá hudba v podobě kubánské kapely a tanečníků.;+420 724 461 678;Restaurace,Mezinárodní restaurace,Bary
La Casa Argentina;Dlouhá 730/35, 11000 Praha, Staré Město;www.lacasaargentina.cz;info@lacasaargentina.cz;Provozování argentinské restaurace s barem a otevřeným grilem. Možnost pořádání svateb a jiných vzácných událostí. Zajištění tanečních i iluzionistických vystoupení. Nabízíme jedinečný kulinářský zážitek v úchvatném a podmanivém prostředí, živou hudbu a možnost vyzkoušet šťavnaté steaky.;+420 222 311 512;Steak house,Restaurace,Mezinárodní restaurace
U Klokoně;Tolstého 456/8, 10100 Praha, Vršovice;www.uklokone.cz;khanas@centrum.cz;Naše restaurace, pivnice, bar na Praze 10 Vršovice - Vám nabízí českou i mezinárodní kuchyni. Rozvoz jídla domu, hamburgery, pečená žebra, BBQ křídla, steaky, těstoviny, saláty, bezmasá jídla, pivo, moučníky či polední menu a letní zahrádku wi-fi. Možnost pořádání soukromých a firemních akcí.;+420 774 561 557;Restaurace,České a staročeské restaurace,Restaurační a pohostinské služby
Hostinec u Svatého Jána;Horní Bludovice 307, 73937;www.usvatehojana.com;usvatehojana@seznam.cz;Rodinný hostinec s českou kuchyní a usměvavým personálem. Pořádání oslav, narozenin, svateb, koncertů, teambuilding. Krásné klidné prostředí s výhledem na panorama Beskyd. K dispozici banketka pro 20 osob, krytá vytápěná terasa pro 40 osob, venkovní stan pro 100 osob (kryté koncerty pro až 200 osob);+420 736 534 534;Restaurace,České a staročeské restaurace,Hospody a hostince
PIZZA GRANDE;Křejpského 2276/6a, 14900 Praha, Chodov;www.pizzagrande.cz;krejpskeho@pizzagrande.cz;Nabízíme ve zrekonstruovaných prostorách 50 cm pizzu, výborné pivo Svijanský Máz 11, italské stáčené víno, domácí Tiramisu, zároveň Vám to všechno můžeme dovézt zdarma až pod nos. Na léto otevíráme velkou zahrádku pro 48 lidí s dětským koutkem. Najdete u nás rodinnou atmosféru a příjemné prostředí.;+420 730 554 434;Pizzerie,Restaurace,Italské restaurace
Grilrestaurant Na Valtické;Na Valtické 821/22a, 69141 Břeclav, Charvátská Nová Ves;www.grilrestaurant.com;grilrestaurant@gmail.com;Provozujeme Restauraci s pivnicí. K dispozici je dětské hřiště, velké parkoviště a nekuřácká cukrárna, kde nabízíme dva druhy točené zmrzliny a kompletní sortiment zákusků. V restauraci čepujeme dva druhy tankového piva a devět druhů čepovaného vína. O víkendech pořádáme country a pop koncerty.;+420 703 466 666;Pivnice,Restaurace,České a staročeské restaurace
Slezská Krčma;Beskydská 1146, 73961 Třinec, Lyžbice;www.slezskakrcma.cz;slezskakrcma@seznam.cz;Útulný interiér, klidná zahrádka, idylické prostředí lesoparku a speciality ze slezské, moravské i české kuchyně. Poctivé porce a chuť jako od maminky je to, co nás odlišuje. Pravidelně pro vás připravujeme nabídku jak denního obědového menu, tak i specialit z čerstvých sezónních surovin.;+420 558 333 255;Restaurace,České a staročeské restaurace,Restaurační a pohostinské služby
Motorest U vodáka;Výpadová 1037/26, 15300 Praha, Radotín;www.motorest-uvodaka.cz;info@motorest-uvodaka.cz;Provozujeme restauraci s českou i zahraniční kuchyní. V době oběda podáváme hotová jídla klasické české kuchyně. Kapacita restaurace je 90 osob. Pronájem salonku pro 40 a 20 osob. V restauraci se nachází dětský koutek. V létě je otevřena zahrádka, kde je možnost grilování. K dispozici je Wi-Fi.;+420 724 118 295;Restaurace,České a staročeské restaurace,Rybí restaurace
Restaurace U čápa;9. května 1163, 74258 Příbor;www.restauraceucapa.eu;restaurace@ucapa.cz;Stylová restaurace se nachází v rekonstruovaných sklepních prostorách prvorepublikové vily. Nabízíme až 8 druhů čepovaného piva, českou kuchyni a speciality šéfkuchaře. Restaurace je vhodná k pořádání rodinných oslav, svateb, firemních večírků, školních srazů a jiných významných událostí.;+420 775 579 660;Restaurace,České a staročeské restaurace,Mezinárodní restaurace
Papa´s Living Restaurant;Latrán 13, 38101 Český Krumlov, Latrán;www.papas.cz;papas@papas.cz;Restaurace v historickém centru Českého Krumlova s kapacitou 65 míst uvnitř, 70 míst na terase s překrásným výhledem, terasou podél řeky Vltava nabízí českou a mezinárodní kuchyni. Dále máme čerstvé domácí těstoviny, steaky na grilu, vepřová žebra, čerstvé saláty, denní nabídku, bohatou vinotéku.;+420 380 711 583;Restaurace,České a staročeské restaurace,Restaurační a pohostinské služby
Valašská hospoda U Janíka;Horečky 890, 74401 Frenštát pod Radhoštěm;www.ujanika.cz;info@ujanika.cz;Stylová valašská hospoda s rodinnou tradicí již od roku 1873 s nabídkou čerstvých pokrmů z kvalitních surovin. K dispozici je dětské hřiště a možnost venkovního posezení v letním období.;+420 720 961 888;České a staročeské restaurace,Restaurace,Pronájem prostor pro školení, akce, svatby a večírky
Rytířská Krčma;Lidická 695/9, 60200 Brno, Veveří;www.rytirskakrcma.cz;Milos.mcm@seznam.cz;Provoz historické krčmy. Nabízíme pivo či víno včetně grilovaných mas a studené kuchyně. Svítíme jen svíčkama, pivo točíme do keramických korbelů a tupláků. Medovinu pijeme z volských rohů. Obsluhujeme v rytířských kostýmech, hraje u nás středověká hudba a několikrát v týdnu i na hudební nástroje.;+420 774 544 911;Hospody a hostince,České a staročeské restaurace,Restaurační a pohostinské služby
KFC;Národní 961/25, 11000 Praha, Staré Město;www.kfc.cz;kfcnarodni@amrest.eu;Provoz mezinárodního rychlého občerstvení se zaměřením na speciality z kuřecího masa. Základní nabídku tvoří smažené kuřecí kousky, grilované maso, sendviče, hranolky, saláty, dezerty a nápoje. Pro nejmenší zákazníky je připraveno dětské menu. K dispozici je WiFi připojení.;+420 235 013 416;Rychlá občerstvení a snack bary,Texaské a mexické restaurace,Rozvoz hotových jídel
Restaurace Globus;Sárská 133/5, 15500 Praha, Třebonice;www.globus.cz/praha-zlicin/nabidka/restaurace.html;reditel.zlicin@globus.cz;Provozujeme restauraci. Nabízíme sortiment teplé i studené kuchyně, rychlého občerstvení, polévek, teplých i studených nápojů včetně kávy a dezertů. Připravujeme čerstvá jídla převážně české kuchyně, v nabídce máme i jídla mezinárodní kuchyně.;+420 800 241 242;Restaurace,České a staročeské restaurace,Mezinárodní restaurace
eFi Hotel;Bratislavská 234/52, 60200 Brno, Zábrdovice;www.efihotel.cz;info@efihotel.cz;Nabízíme ubytování v moderně zrekonstruované budově nedaleko centra Brna s vlastním parkováním a fitness&wellness centrem. K dispozici je 85 prostorných apartmánů s kuchyňskou linkou. Ve všech pokojích je k dispozici Wi-Fi a TV. Součástí hotelu je restaurace Stará Tkalcovna a eFi Wellness & Fitness.;+420 515 555 500;Hotely,Tříhvězdičkové hotely,Kongresové a seminární hotely
Wellness hotel Villa Grohmann;Lipová-lázně 169, 79061;www.lazne-lipova.cz;info@lazne-lipova.cz;Hotelové čtyřhvězdičkové ubytování, restaurace, kongresové služby, wellness.;+420 777 457 111;Ubytování v luxusních apartmánech,Horské hotely,Čtyřhvězdičkové hotely
McDonald's;Pilnáčkova 380/3, 50003 Hradec Králové, Věkoše;www.mcdonalds.cz;info@mcdonalds.cz;Provoz rychlého občerstvení se specializací na hamburgery. Nabídka zahrnuje také saláty, sendviče, dezerty, přílohy, teplé i studené nápoje a další. Pro děti jsou k dispozici menu s hračkami a je zde možnost pořádání narozeninových oslav.;+420 724 104 306;Rychlá občerstvení a snack bary,Restaurace,Restaurační a pohostinské služby
Horský hotel Sepetná;Ostravice ev.č. 956, 73914;www.hotel.sepetna.cz;rezervace@sepetna.cz;Ubytování v Beskydech pod Lysou horou. Ideální poloha hotelu pro aktivní turistiku i relax. Nabízíme celou řadu sportovních a relaxačních služeb. Volný vstup do krytého bazénu pro ubytované hosty. Víkendové pobytové balíčky, sezónní pobyty a dovolené, firemní akce, večírky, teambuilding.;+420 603 852 111;Hotely,Horské hotely,Tříhvězdičkové hotely
D1 restaurant;Veveří 260, 66481 Ostrovačice;www.hoteld1.cz;restaurace@d-1.cz;V nabídce restaurace najdete kvalitní výběr vín z jižní Moravy i zahraničí, točená i lahvová piva, nealkoholické nápoje a velký výběr z jídelního lístku.;+420 546 443 191;Pivnice,České a staročeské restaurace,Mezinárodní restaurace
Autocamping Rozkoš, s.r.o.;třída T. G. Masaryka 836, 55203 Česká Skalice;www.atcrozkos.cz;atc@atcrozkos.cz;Kemp nabízí ubytování (chaty, ubytovna, bungalovy, stany, karavany) v oblasti Česká Skalice - Ratibořice - Babiččino údolí. Okolí můžete využít pro koupání, rybaření, windsurfing, turistiku, cykloturistiku (Náchod, Dobrošov, ZOO Dvůr Králové, Adršpach, Adršpašsko-teplické skály, Orlické hory).;+420 491 451 112;Rekreační ubytování,Ubytování v apartmánech,Rekreační chaty a chalupy
Restaurace a penzion Lutena;Karvinská 1237, 73553 Dolní Lutyně;www.lutena.cz;info.penzion-lutena@seznam.cz;Vysoká kvalita služeb, týdenní a víkendové menu, snídaně, venkovní gril bar, vlastní sádky na ryby, rozvoz pizzy, akce měsíce, oslavy, svatby, venkovní obřady, školení, penzion, ubytování.;+420 778 745 574;Penziony,Restaurace,České a staročeské restaurace
Ristorante Pollo;Na Tabulovém vrchu 1304/4, 77900 Olomouc, Nová Ulice;www.ristorantepollo.cz;info@ristorantepollo.cz;Pizzerie a restaurace se zaměřením na originální italská jídla a vína. Nabídka také poledního menu. Každý víkend nové menu. Naleznete u nás pizzu z kvalitní italské mouky, těstoviny, krémová rizota, steaky, saláty a podobně. Používáme vždy vybrané ingredience vysoké kvality a regionální produkty.;+420 608 684 131;Restaurace,Pizzerie,Italské restaurace
Flames grill pub & restaurant;Veveří 3219/113, 61600 Brno, Žabovřesky;www.flames-grill.cz;sales@hotelsono.cz;Moderní a stylová restaurace v Brně. Žhavé uhlí z dubového dříví, správně rozpálený gril a maso nejvyšší kvality. Pavel Obrovský se svým týmem připravuje před vašimi zraky maso v mnoho podobách.;+420 777 794 559;Restaurace,Mezinárodní restaurace,Restaurační a pohostinské služby
Bowling RADAVA;Milady Horákové 394/37, 17000 Praha, Holešovice;www.radava.cz;miladka@radava.cz;Nabízíme 12 profesionálních bowlingových drah s barem a pivní zahrádkou, součástí je turecká restaurace. Připravíme pro Vás firemní večírek, dětskou oslavu, třídní sraz, sraz sportovního kolektivu, rozlučku se svobodou nebo si jen tak přijďte zahrát. Pro všechny Vaše akce zajistíme catering na míru.;+420 233 101 211;Restaurace s bowlingem,Bowlingová centra,Pořadatelé firemních a společenských akcí
Penzion a restaurace Zlatovláska;Pluhův Žďár, Jižná 24, 37821;www.penzionzlatovlaska.cz;info@penzionzlatovlaska.cz;Penzion v jižních Čechách, jen 1 kilometr od zámku Červená Lhota, nabízí ubytování pro turisty, kteří hledají odpočinek v pohádkové oblasti. Penzion je vhodný pro rodinné dovolené, pořádání svateb a dalších oslav. Kapacita 40 lůžek poskytne komfort i početným skupinám.;+420 724 165 071;Ubytování v luxusních apartmánech,Rodinné penziony,Čtyřhvězdičkové penziony
Wellness hotel Svornost;Harrachov 496, 51246;www.hotelsvornost.cz;info@hotelsvornost.cz;Wellness hotel nabízí ubytování v Harrachově. Můžete využít služeb velmi oblíbeného hotelu v Harrachově. Komfortní ubytování, wellness centrum s velkým výběrem procedur, vnitřní bazén, restaurace, která nabízí bufetové stravování a další nabídka, která Vám zpříjemní pobyt v Harrachově.;+420 481 528 152;Hotely,Kongresové a seminární hotely,Horské hotely
Konferenční hotel Luna;Kouty 77, 58401;www.hotelluna.cz;hotelluna@hotelluna.cz;Firemní akce, školení, teambuilding, konference, kongres, večírek, pobyt mezi Prahou a Brnem v krásné přírodě Vysočiny, a přitom kousek od D1. Konferenční centrum - konferenční místnosti a salonky, kongresový sál. Až pro 220 osob. Wellness centrum s krytým bazénem. Krásná svatba na břehu rybníka.;+420 569 738 800;Kongresové a seminární hotely,Hotely,Ubytovací služby
Restaurant u Macků;Dvorského 92/32, 77900 Olomouc, Svatý Kopeček;www.restauraceumacku.cz;info@restauraceumacku.cz;Provozujeme restauraci. Široká nabídka jídel, společenské a firemní akce, svatby, večírky, rauty. Možnost venkovního posezení na zahrádce. V blízkosti zoologická zahrada a bazilika Minor. Parkoviště naproti restaurace. Letní grilování, zvěřinové hody, vepřové hody, večery s živou hudbou.;+420 585 385 344;Restaurace,České a staročeské restaurace,Restaurace se zvěřinovými specialitami
Restaurace - Metropol;Senovážné nám. 248/2, 37001 České Budějovice 6;www.restauracemetropol.cz;info@restaurace-metropol.cz;Restaurace nabízí rauty, bankety, catering, svatby, promoce, abiturienské večírky, konference, salonky, kavárnu, bar, společenský sál, sportbar, možnost grilování. Zajišťujeme rauty pro firmy, soukromé osoby i pro Vás doma. Možnost občerstvení a příjemného oddychu řidičům autobusů a jejich turistům.;+420 387 311 256;Restaurace,České a staročeské restaurace,Restaurace se zvěřinovými specialitami
Hlučná samota;Záhřebská 534/14, 12000 Praha, Vinohrady;www.hlucna-samota.cz;hlucnasamota@seznam.cz;Restaurace v duchu Hrabalových povídek. V nabídce polední menu každý den, zvěřinové speciality, poctivá česká kuchyně, kachny, steaky, čerstvé těstoviny. Wi-Fi, nekuřácký prostor, salónek či zahrádka. Pořádáme svatební hostiny, rauty, catering, firemní večírky, oslavy narozenin i posezení s přáteli.;+420 222 522 839;České a staročeské restaurace,Restaurace,Catering
Hostinec Selský dvůr;Sebečice, Biskoupky 15, 33808;www.sd-biskoupky.cz;fiala@sd-biskoupky.cz;Nabízíme venkovní posezení v uzavřeném dvoře, možnost ubytování ve patnácti pokojích s celkovou kapacitou 43 lůžek se sociálním zařízením. Multifunkční sál, dětské hřiště, masáže, kadeřnictví, svatby na klíč, 5 salonků. Máme dvě oddělené restaurace vhodné pro firemní akce a svatby až pro 150 osob.;+420 371 796 371;České a staročeské restaurace,Restaurace,Ubytovací služby
Golf a wellness resort Cihelny;Karlovy Vary, Cihelny 7, 36464;www.golfresortcihelny.cz;reception@golfresortcihelny.cz;Uprostřed nádherné přírody nedaleko Karlových Varů se nachází Golf & Wellness resort. Golfové hřiště od světoznámé společnosti Gary Player, luxusní hotel s wellness programem, moderní restaurace i konferenční sál.;+420 353 972 281;Golf, golfové kluby a golfová hřiště,Golfové kurzy,Cvičné golfové areály
Penzion U Fouska;Nádražní 252, 35735 Chodov;www.penzionufouska.cz;jiri.trojak@seznam.cz;Rodinný penzion a ubytovna 6 km od Karlových Varů. Wifi připojení a parkování pro hosty zdarma. Ideální poloha pro výlety, penzion je situovaný 200 m od vlakového nádraží, odkud se dostanete vlakem za 7 minut do K. Varů, nebo za 5 minut do Lokte. V penzionu se vaří česká jídla - od 11:00 do 18:30.;+420 776 173 345;Penziony,Rodinné penziony,Levné ubytování
Ratejna pizzerie - music bar;Dvořákova 588/13, 60200 Brno-město;www.ratejna.cz;ratejna@ratejna.cz;Restaurace a pizzerie s diskotékou a salonkem o kapacitě 40 míst. Jedinečný interiér doplněn komiksy Káji Saudka. Denní menu. Středa, pátek a sobota dance večery s českou i současnou hudbou. Možnost pořádání firemních akcí, večírků a oslav.;+420 542 210 236;Pizzerie,Restaurace,Restaurační a pohostinské služby
Restaurace & Penzion V Údolí;Hodkovice nad Mohelkou, Jílové 86, 46342;www.penzionvudoli.cz;rezervace@penzionvudoli.cz;Rodinný penzion s restaurací se nachází v malebné vesničce Jílové, která je skvělým výchozím bodem pro návštěvu Českého ráje i Jizerských hor. Penzion nabízí celoroční ubytování nedaleko hlavních turistických cílů.;+420 777 727 887;Penziony,Horské penziony,Rodinné penziony
Bulldog´s Dart´s Pub;Ohradní 1443/24b, 14000 Praha, Michle;www.bulldogspub.cz;info@bulldogspub.cz;Restaurace nabízí firemní večírky, firemní oslavy, svatby a promoce až pro 400 osob po celý rok. Výtečná česká kuchyně, rozvoz jídel a obědů na pracoviště, sportovní přenosy, salonek, svatby, turnaje na míru - poker, šipky, fotbálky a stolní tenis - ping pong, tři závodní stoly JOOLA.;+420 241 481 214;Restaurace,Pronájem prostor pro školení, akce, svatby a večírky,Pořadatelé firemních a společenských akcí
RESORT & CAMP Dešná;Dešná , 76315;www.resort-desna.cz;info@resort-desna.cz;Resort a kemp nabízí celoroční ubytování pro skupiny i jednotlivce v plně vybavených chatkách s koupelnou, kuchyňkou a oddělenými ložnicemi, vyhřívaný venkovní bazén, domácí kuchyni a relax. Kapacita 200 lůžek, Wifi, centrální parkoviště zdarma, sportovní aktivity, restaurace, bar, zahrádky.;+420 577 222 555;Ubytování v luxusních apartmánech,Ubytování na ubytovnách,Rekreační chaty a chalupy
Lesní bouda;Černý Důl 187, 54344;www.lesnibouda.cz;info@lesnibouda.cz;Horský hotel nad Pecí pod Sněžkou, nabízí příjemné prostředí roubené krkonošské boudy, 300m od skiareálu. Venkovní terasa, vířivka, bazén, hřiště, WiFi. Restaurace nabízí speciality z vlastní kozí a ovčí ekofarmy a pochoutky z kozích sýrů.;+420 736 678 302;Horské hotely,Hotely,Restaurace
Restaurace Selský Štít;Olešník 11, 37350;www.selskystit.cz;;Provoz restaurace s nabídkou tradiční české a italské venkovské kuchyně. Kapacita restaurace je 50 míst a s venkovní terasou 90 míst. Možnost uspořádat oslavy, večírky a jiné společenské akce.;+420 731 826 453;Restaurace,České a staročeské restaurace,Mezinárodní restaurace
Pizzerie San Marino;Palackého 101/9, 30100 Plzeň, Jižní Předměstí;www.sanmarino-pizza.cz;lukes-marek@seznam.cz;Provozujeme stylovou italskou restauraci v centru města Plzeň, pizzerie, rozvoz pizzy a jídel zdarma. Nabízíme denní menu, vepřové a kuřecí speciality, kuřecí maso, saláty, minutky, těstoviny, ryby, steaky, vegetariánská jídla. Suroviny vysoké kvality. Pizza i ostatní jídla s sebou.;+420 377 320 801;Restaurace,Pizzerie,Italské restaurace
Hotel U Královny Elišky;Malé náměstí 117/10, 50003 Hradec Králové;www.hotelukralovnyelisky.cz;reception@hotelukralovnyelisky.cz;Hotel poskytuje kapacitu 66 lůžek ve 33 pokojích včetně královského apartmá, restaurace, kavárny, kongresového sálu, salonků, letní terasy a vinárny. Hotel dále nabízí wellness centrum s bazénem, saunou, vířivou vanou a vyhlášenou gastronomii. Zajistíme kompletní svatební servis.;+420 495 518 052;Hotely,Čtyřhvězdičkové hotely,Ubytovací služby
Hotel Alessandria;třída SNP 733/2, 50003 Hradec Králové, Slezské Předměstí;www.alessandria.cz;recepce@alessandria.cz;Moderní kongresový hotel v centru města s celkovou kapacitou 230 lůžek. Vhodné místo pro firemní a společenské akce, kongresy, akce, školení, rauty, večírky, svatby, oslavy. K dispozici jsou apartmány, bezbariérový pokoj, Lobby Bar, konferenční sál a salonky, parkování přímo u hotelu a WiFi.;+420 495 777 111;Kongresové a seminární hotely,Hotely,Tříhvězdičkové hotely
Lesní Lázně Zvánovice;Kádovská 154, 25165 Zvánovice;www.lesnilazne.cz;zvanovice@legner.cz;Hotel je úžasný konferenční resort uprostřed Ladova kraje pouze 25 km od Prahy. Specializujeme se na realizaci konferenčních, školících, incentivních a teambuildingových programů. Součástí hotelu jsou lesní lázně určené pro firemní i pro individuální klientelu a relaxační wellness.;+420 323 649 679;Hotely,Kongresové a seminární hotely,Tříhvězdičkové hotely
Hostinec a penzion U Báby Šubrový;Kokořínský Důl 12, 27723;www.ubabysubrovy.cz;ubabysubrovy@seznam.cz;Restaurace a penzion v srdci Kokořínského údolí.;+420 776 625 132;Restaurace,Penziony,Restaurační a pohostinské služby
Pivovarský dvůr Chýně;Hlavní 525, 25303 Chýně;www.pivovarskydvur.cz;info@pivovarskydvur.cz;Restaurace byla otevřena v roce 1992. Nabízíme speciality české kuchyně, Plzenské pivo a kvasnicové pivo z malých pivovarů, polední menu, rauty, oslavy, dětský koutek, letní zahrádka, tatarák, pečená žebírka a koleno. Kapacita restaurace je 80 míst.;+420 311 679 592;Restaurace,České a staročeské restaurace,Pronájem prostor pro školení, akce, svatby a večírky
Švejk Restaurant;Havelkova 112/20, 62500 Brno, Bohunice;www.penzion-svejk.cz;svejkbrno@volny.cz;Nabízíme českou kuchyni s kapacitou 80 míst. K dispozici je salonek s kapacitou 40 míst. Pořádáme svatby, promoce, rauty, smuteční hostiny i rodinné oslavy. Možnost pořádání obchodních jednání, seminářů či firemních prezentací.;+420 777 195 192;Restaurace,České a staročeské restaurace,Pronájem prostor pro školení, akce, svatby a večírky
U Černého koníčka;Žižkova tř. 220/15, 37001 České Budějovice 6;www.ucernehokonicka.cz;sarauerkarel@seznam.cz;Tradiční hostinec se nachází nedaleko centra. Nabízí Vám domácí kuchyni, posezení v klimatizovaném prostředí s kapacitou 100 míst. Točíme nepasterované pivo z tanků a pivní speciály z různých pivovarů (4 druhy). Atmosféru umocňuje i sbírka starožitných reklamních cedulí. Poskytujeme rozvoz obědů.;+420 603 494 908;Restaurace,České a staročeské restaurace,Hospody a hostince
Hospůdka u Václava;Pavla Perky 390, 66471 Veverská Bítýška;www.restauraceuvaclava.cz;vasek.kaderabek@seznam.cz;Klidnou a útulnou restauraci s domácí kuchyní najdete v blízkosti hradu Veveří. V prostorném a nově zrekonstruovaném sále pořádáme společenské, soukromé i firemní akce, svatby, promoce. Restaurace je kompletně nekuřácká.;+420 549 420 108;Restaurace,Pronájem prostor pro školení, akce, svatby a večírky,Pořadatelé firemních a společenských akcí
Restaurace Na Prachandě;Pražská 469, 26301 Dobříš;www.prachanda.cz;prachanda@volny.cz;Restaurace s výhradně českou kuchyní. Dále nabízíme alkoholické i nealkoholické nápoje. Prostory provozovny se skládají z nekuřácké klimatizované jídelny, formanky, salonku, herny a v letních měsících ze zastřešené venkovní terasy pro 50 osob s přilehlým dětským hřištěm.;+420 318 523 696;Pivnice,České a staročeské restaurace,Pronájem prostor pro školení, akce, svatby a večírky
Restaurace Sokolovna;Tyršova 424, 37501 Týn nad Vltavou;www.restaurace156.webnode.cz;sokolovnatyn@email.cz;Restaurace s celodenním provozem. Denní menu zaměřené na českou kuchyni, jídla na objednávku. Pořádání hudebních akcí. Catering. Kapacita restaurace 40 míst, terasa 40 míst. K dispozici oddělený salonek s barem o kapacitě 30 míst. Možnost firemních akcí a oslav. Parkování v místě.;+420 722 495 366;Restaurace,České a staročeské restaurace,Restaurační a pohostinské služby
Restaurace a penzion Horalka;Špindlerův Mlýn 5, 54351;www.pensionhoralka.cz;horalka.spindl@gmail.com;Pension se nachází ve Špindlerově Mlýně v nadmořské výšce 850 m n. m., v bezprostřední blízkosti sjezdové tratě Hromovka. V létě se do centra města dostanete příjemnou 15minutovou procházkou. Nekuřácká restaurace s kapacitou 50 osob.;+420 777 867 717;Penziony,Horské penziony,Ubytovací služby
Restaurace Lovecká chata;Masarykova 602, 37341 Hluboká nad Vltavou;www.parkhotel-hluboka.cz;recepce@parkhotel-hluboka.cz;Restaurace disponuje kapacitou 120 osob. Tým kuchařů pod vedením šéfkuchaře Martina Pudila, držitele mnoha ocenění a člena národního týmu kuchařů pro Vás připraví dokonalý gastronomický zážitek. Restaurace je vhodná i pro firemní a soukromé akce. Bezbariérový přístup, parkování zdarma.;+420 601 128 496;Restaurace,České a staročeské restaurace,Restaurace se zvěřinovými specialitami
Pivovar Berounský medvěd;Tyršova 135, 26601 Beroun-Město;www.berounskymedved.com;info@berounskymedved.com;Rodinný berounský pivovar vyrábí pivo kvasnicové, nefiltrované: 11st. světlý ležák, 13st. tmavý speciál, 14st. polotmavý speciál. V zrestaurovaných prostorách pivovaru byla zřízena Pivovarská restaurace se specialitami české kuchyně.;+420 311 622 566;Restaurace,Pivovary,Restaurační a pohostinské služby
Café Louvre;Národní 1987/22, 11000 Praha, Nové Město;www.cafelouvre.cz;info@cafelouvre.cz;Tradiční velkokavárna založena v roce 1902. Oblíbené místo schůzek pražanů. Podnik navštěvoval Franz Kafka, Albert Einstein, Karel Čapek. Kavárna, restaurace, salónky, biliárový sál, terasa, nekuřácká část.;+420 224 930 949;Restaurace,České a staročeské restaurace,Kavárny
Restaurace Kalikovský mlýn;Radčická 60/40, 30100 Plzeň, Jižní Předměstí;www.kalikovskymlyn.cz;jirkakrusina@seznam.cz;Stylová restaurace s průhledem na Kaplanovu turbínu s kpacitou až 500 osob. Jsou u nás 2 terasy a velká zahrada s přilehlým parkem jako stvořeným ke svatebním obřadům i hostinám. Bar s terasou přímo u řeky vhodný pro svatby, firemní večírky, společenské akce, koncerty, catering, a další.;+420 602 486 662;Restaurace,České a staročeské restaurace,Pronájem prostor pro školení, akce, svatby a večírky
Masala Ghar;náměstí Republiky 135/21, 30100 Plzeň, Vnitřní Město;www.masala-ghar.cz;centrum@masala-ghar.eu;Provoz indické restaurace. Nabídka jídel, denních menu a specialit indické kuchyně. Vycházíme z původního konceptu naší první restaurace, nicméně v centru jsme si pro naše hosty připravili zajímavé změny. Můžete se přijít přesvědčit sami, těšíme se na Vaši návštěvu.;+420 377 946 247;Restaurace,Indické restaurace,Restaurační a pohostinské služby
Hotel Zlatý lev Louny;Na Valích 620, 44001 Louny;www.hotel-zlatylev.cz;info@hotel-zlatylev.cz;Nabídka ubytování ve dvou apartmánech, šesti dvoulůžkových a třech třílůžkových pokojích a využití stylové restaurace s vinným sklípkem. Možnost konání svateb, rodinných oslav i firemních večírků. Hotel je situován v blízkosti centra.;+420 415 677 677;Hotely,Restaurace,Rekreační ubytování
Zámecký pivovar Chyše;Chyše 54, 36453;www.chyse.com;lazansky@seznam.cz;Provozujeme pivovar a také pivnici s nabídkou teplých i studených jídel či nápojů a nefiltrovaného piva. Možnost pořádání firemních večírků, rodinných oslav, svatebních hostin a exkurzí s ochutnávkou piva. Naše pivo je přírodního charakteru bez chemických přídavků, filtrace a pasterizace.;+420 728 948 868;Pivovary,Restaurace,Pivnice
Jídelna Kohout;Jiráskova 1142, 33202 Starý Plzenec;www.jidelna-kohout.cz;jidelna-kohout@volny.cz;Nabídka závodního stravování v jídelně pro veřejnost i firmy. Rozvoz jídel. Zajištění možnosti pronájmu jídelny na slavnostní večeře, svatební a výroční hostiny.;+420 606 601 453;Jídelní stravování,Rozvoz hotových jídel,Restaurační a pohostinské služby
Republika 24 - Restaurace;náměstí Republiky 138/24, 30100 Plzeň, Vnitřní Město;www.republika24.cz;restaurace@republika24.cz;Provozujeme restauraci s nabídkou denního menu. Vybírat můžete z české a mezinárodní kuchyně. Každý den si můžete od 7:30h do 10:00h dopřát snídani.;+420 601 071 071;Restaurace,České a staročeské restaurace,Mezinárodní restaurace
Pizza Ristorante Tinito;Pokratická 545, 41201 Litoměřice, Pokratice;www.pizzatinito.cz;info@pizzatinito.cz;Restaurace s pizzerií a bowlingem, s nabídkou mezinárodních a italských jídel, denních menu, specialit a míchaných nápojů. Zajištění rozvozu jídel. K zábavě dvě profesionální bowlingové dráhy s možností pro začátečníky a děti zvednout mantinel.;+420 474 557 936;Restaurace,Pizzerie,Rozvoz pizzy
Francis Spa Hotel;Ruská 357/18, 35101 Františkovy Lázně;www.hotelfrancis.cz;reservation@hotelfrancis.cz;Hotel je ideálním místem pro hosty, kteří hledají klid, pohodu a soukromí. Jen 5 minut chůze od centra města nabízíme ubytování s vlastní restaurací, která se specializuje na vyváženou stravu. Balneocentrum je přímo v hotelu. Každý z 19 pokojů je plně vybaven. U hotelu je parkoviště.;+420 352 699 121;Hotely,Tříhvězdičkové hotely,Wellness a lázeňské hotely
Restaurace Zapomenutý čas;Anglická 658/23, 12000 Praha, Vinohrady;www.zapomenutycas.cz;restaurace@zapomenutycas.cz;Restaurace s velkým výběrem burgerů, tortil a mezinárodní kuchyně. Na čepu 10 druhů točených speciálů. V létě je k dispozici velká venkovní zahrádka. Máme bohaté zkušenosti s rauty, oslavami a firemními večírky. V zimních měsících je k dispozici samostatná zimní zahrada pro 45 osob.;+420 222 516 223;Restaurace,Americké restaurace,Burger restaurace
Sarah Bernhardt Restaurant;U Obecního domu 1080/1, 11000 Praha, Staré Město;www.hotel-paris.cz/cs/;fboffice@hotel-paris.cz;Provozujeme luxusní restauraci se secesními interiéry a kapacitou 110 osob. Nabízíme delikatesy francouzské i tradiční české kuchyně v moderní podobě. Možnost rezervací, svatebních hostin.;+420 222 195 195;České a staročeské restaurace,Francouzské restaurace,Hotelové restaurace
HOTEL U KAPLE;U Kaple 544/3, 40502 Děčín VI-Letná;www.hotelukaple.cz;info@hotelukaple.cz;Dvouhvězdičkový hotel je situován v příjemném prostředí lesoparku 1 km od centra Děčína. Nabízíme 12 pokojů Standard *** a 6 pokojů Economy **. Vybavení sociálním zařízení, fénem, TV, internetem zdarma, minibarem, sejfem. Dále restaurace a parkování zdarma.;+420 412 539 915;Hotely,Dvouhvězdičkové hotely,Ubytovací služby
Restaurace La Terrazza;Březová 157, 36001;www.retroriverside.cz;reception@retroriverside.cz;Luxusní italská restaurace s bohatou nabídkou čerstvého masa a ryb, které si vybíráte přímo z táců. Každé 3 měsíce nové sezónní menu. K dispozici také terasa s kouzelným výhledem na vodu a okolní lesy. Ideální místo k uspořádání svatební hostiny a dalších společenských akcí.;+420 353 972 524;Restaurace,Hotelové restaurace,Pronájem prostor pro školení, akce, svatby a večírky
Penzion a Hotel U Křivého psa;Slezská 1079, 73801 Frýdek-Místek, Frýdek;www.krivypes.cz;penzion@krivypes.cz;Stylový barokní penzion - hotel ve Frýdku je vybaven dobovým nábytkem, který se dobře snoubí s komfortem. 11 klimatizovaných pokojů nabízí vysokou úroveň ubytování a romantické prostředí. Pronájem prostor pro školení, konference, akce, svatby a večírky. Blízko aquapark, golfová hřiště a Beskydy.;+420 558 636 361;Penziony,Tříhvězdičkové penziony,Ubytovací služby
Stodola Herink;Hlavní 7, 25101 Herink;www.stodolaherink.cz;info@stodolaherink.cz;Náš podnik je unikátní spojení lahodného jídla, skvělého vína i výborného piva. Nabízíme až 200 míst k sezení ve vnitřních i venkovních prostorách. Rádi pro vás zajistíme oslavu narozenin, svatbu, či firemní teambuilding.;+420 778 766 210;Hospody a hostince,Pivnice,Restaurace
Kavárna Cacao;V celnici 1031/4, 11000 Praha, Nové Město;www.cacaoprague.cz;info@cacaoprague.cz;Kavárna v centru města. Naše zmrzliny, dezerty a dorty si vyrábíme podle vlastních receptur. K pití si u nás dáte skvělou kávu, výběrové sypané čaje, čerstvě připravené šťávy, anebo skvělé saláty. Těšíme se na Vás.;+420 777 511 677;Kavárny,Cukrárny,Restaurační a pohostinské služby
Pension Mánes;náměstí Svobody 295, 79858 Čechy pod Kosířem;www.pensionmanes.cz;pensionmanes@volny.cz;Penzion v klidném prostředí, kapacita 40 lůžek. Součástí je restaurace, salonek, zimní zahrada, internet, víceúčelové hřiště, parkoviště. V létě otevřeno venkovní posezení. Ubytování je vhodné pro rodiny, soustředění sportovců, firemní akce, svatby.;+420 582 373 752;Penziony,Ubytovací služby,Rekreační ubytování
Restaurace a Penzion U Kostela;nám. sv. Jana 3, 66453 Újezd u Brna;www.restauraceukostela.com;restaurace@restauraceukostela.com;Restaurace se stylovým interiérem. Vaříme českou i mezinárodní kuchyni. Rádi pro Vás připravíme jakoukoliv oslavu, svatbu, firemní večírek, promoci, smuteční hostinu atd. Kapacita restaurace 90 míst. Máme i salonek s dětským koutkem s kapacitou 40 míst, v létě zahrádku s dětským koutkem.;+420 544 210 275;Restaurace,Pronájem prostor pro školení, akce, svatby a večírky,Restaurační a pohostinské služby
Restaurace Botanic;Olbrachtova 1066/54, 14000 Praha, Krč;www.restaurace-botanic.cz;club.botanic@volny.cz;Velmi příjemná restaurace s mezinárodní kuchyní s velmi bohatou nabídkou vín a více než 50 druhy koktejlů. Možnosti pořádaní společenských akcí (raut, svatba, atd.) Venkovní zahrádka a možnost parkování.;+420 241 440 504;Restaurace,Restaurační a pohostinské služby
Restaurace u Benáků;náměstí F. X. Svobody 258, 25210 Mníšek pod Brdy;www.restaurace-u-benaku.cz;restauracebenakovi@seznam.cz;Nabízíme výběr staročeské kuchyně, obědových menu, steaků, salátů a grilovaných specialit. Restaurace má kuřáckou zahrádkou, dětský koutek, parkování před restaurací, wi-fi a bar. Připravíme menu pro zájezdy, rodinné oslavy, svatby, podnikové večírky, smuteční hostiny, rauty a další akce.;+420 724 852 350;České a staročeské restaurace,Restaurace,Pronájem prostor pro školení, akce, svatby a večírky
Botanico Café;Wolkerova 1587/3, 79601 Prostějov;www.manufacture35.cz/botanicocafe.htm;info@botanico.cz;Provozujeme prodejnu kávy a nabízíme posezení u kávy. Prodáváme přírodní produkty, zajišťujeme rauty na objednávku a pronajímáme prostory pro akce. Zakoupit si zde můžete také výrobky z keramické dílny.;+420 777 706 644;Kavárny,Prodej kávy,Prodej kosmetiky
Hospůdka U Maci;K hájence 238/14, 77900 Olomouc, Svatý Kopeček;www.hospudkaumaci.cz;hospudkaumaci@seznam.cz;Restaurace v příjemném rodinném prostředí nabízející dobré pití a pokrmy z poctivých surovin. Nabízíme dobroty k pivu či vínu, české jídlo, steaky, saláty, sezónní pochutiny. Vlastní výroba bulky, kynuté knedlíky, zvěřinová paštika či husí játra v sádle, vepřová, zvěřinová klobása, domácí uzené atd.;+420 792 311 851;Restaurace,České a staročeské restaurace,Restaurace se zvěřinovými specialitami
Restaurace a Minipivovar Nová sladovna;U Fortny 49/10, 74601 Opava, Město;www.nova-sladovna.cz;gastronomieopava@gastro-opava.cz;Restaurace s minipivovarem. Vaříme spodně kvašené ležáky a svrchně kvašená piva typu ALE a IPA, která se vyznačují vyšším obsahem alkoholu a hořkostí. Výběr české i mezinárodní kuchyně, výběrová italská a moravská vína. Podáváme obědové menu. K dispozici velká letní terasa s grilem a udírnou.;+420 553 820 130;Restaurace,České a staročeské restaurace,Mezinárodní restaurace
RESTAURACE BERMUDA;Čermákova 940/1, 66902 Znojmo;www.hotelbermuda.cz;info@hotelbermuda.cz;Provoz restaurace s kapacitou 60 míst a s nabídkou teplých jídel a alkoholických i nealkoholických nápojů. Možnost posezení na letní zahrádce s kapacitou 90 míst. Pořádání firemních akcí, rodinných a narozeninových oslav, promočních obědů či večeří a svatebních oslav. K dispozici je parkoviště.;;Restaurace,Pivnice,Restaurační a pohostinské služby
Penzion-restaurant U Hofmanů;Nad Šutkou 490/16, 18200 Praha, Kobylisy;www.uhofmanu.cz;penzion@uhofmanu.cz;Provozujeme restaurant a zahradní restauraci s nabídkou české a mezinárodní kuchyně. Čepujeme pivo Gambrinus. Prostory jsou vhodné pro pořádání rodinných i firemních oslav, večírků, rautů a svateb. Možnost parkování před budovou.;+420 284 685 413;České a staročeské restaurace,Restaurace,Mezinárodní restaurace
Restaurace ZDROJ;Na Ostrově 86, 38101 Český Krumlov, Vnitřní Město;www.zdroj-krumlov.cz;gastrorada@email.cz;Restaurace se zaměřením na čerstvé lokální ryby. Jistě oceníte ale i svíčkovou, kachnu, hovězí steak či čerstvé těstoviny. V salonku café lounge si vychutnáte vynikající kávu Nicola - káva z nejstarší pražírny v Evropě. Ideální pro oslavy, večírky, firemní akce či zájezdy. Velkoformátová projekce.;+420 724 149 771;Restaurace,České a staročeské restaurace,Rybí restaurace
ŘÍZKÁRNA;U Klikovky 3086/10, 15000 Praha, Smíchov;www.restaurace-rizkarna.cz;info@restaurace-rizkarna.cz;Jsme česká firma a vaříme z českých produktů. Zajištujeme ekonomický catering za dostupné ceny s rozvozem po Praze a okolí zdarma. Zajišťujeme firemní stravování. Rozvážíme řízky, domácí uzené, saláty, dezerty. Děkujeme za Vaše objednávky.;+420 257 210 146;Restaurace,České a staročeské restaurace,Restaurační a pohostinské služby
Restaurace U Kolji;Mařákova 365, 57001 Litomyšl-Město;www.ukolji.cz;jun@ukolji.cz;Plně klimatizovaná restaurace připraví lahůdky ukrajinské kuchyně, boršč, šašlik, polední menu. Příjemné prostředí, WIFI, bezbariérový přístup, salonek, venkovní terasa. Pořádáme svatby, rodinné oslavy, firemní akce, školení, večírky.;+420 461 618 196;Restaurace,Mezinárodní restaurace,Pronájem prostor pro školení, akce, svatby a večírky
Restaurace Slezský dvůr;Na Štěpnici 36/22, 71600 Ostrava, Radvanice;www.restaurace-radvanice.cz;slezsky.dvur@email.cz;Restaurace nabízí minutky, denní menu a gastronomii z čerstvých surovin. Pořádáme firemní akce, rauty, svatby, maturitní večírky, zabíjačkové a jehněčí hody, oslavy v restauraci nebo salónku. K dispozici je letní zahrada, dětské hřiště a zoo park.;+420 596 227 303;Restaurace,České a staročeské restaurace,Pronájem prostor pro školení, akce, svatby a večírky
Restaurace Krušovická chalupa;5. května 798/62, 14000 Praha, Nusle;www.krusovicka-chalupa.com;romanvyskocil@seznam.cz;V naší restauraci nabízíme výhodné polední menu české a staročeské kuchyně, teplá i studená jídla, alkoholické i nealkoholické nápoje. Připravíme pro Vás rauty, svatby, firemní i soukromé akce, rodinné oslavy, catering. Pronájem restaurace je zdarma.;+420 776 201 491;Restaurace,České a staročeské restaurace,Pronájem prostor pro školení, akce, svatby a večírky
Schrothovy léčebné lázně Dolní Lipová;Lipová-lázně 382, 79061;www.lazne-lipova.cz;info@lazne-lipova.cz;Poskytujeme komplexní lázeňské rehabilitační péče. Hotelové ubytování, stravovací a kongresové služby. Nabízíme masáže – relaxační, medová, lávovými kameny, detoxikační, lymfatická, královská, energetická masáž hlavy, masáž nohou, vodoléčebná terapie, lifting obličeje.;+420 777 457 111;Wellness a lázeňské hotely,Hotely,Lázně
Bistro Genius;Dopraváků 749/3, 18400 Praha, Dolní Chabry;www.bistrogenius.cz;;Nekuřácké bistro s kapacitou 70 míst. Podáváme snídaně s nabídkou domácích koláčů, polévek, salátů a vaječných specialit, čerstvého pečiva, kávy a čaje. K obědu nabízíme minimálně dvě polévky a čtyři teplá hlavní jídla, několika druhů salátů a dezertů. Nabízíme také catering a výrobu dortů.;+420 284 686 820;Restaurace,Bistra,Jídelní stravování
Plzeňský restaurant Kopyto;Bořivojova 883/116, 13000 Praha, Žižkov;www.kopyto.cz;info@kopyto.cz;Na konci roku 2018 restaurace prošla rekonstrukcí. Rrestaurace na Žižkově, kde se čepuje tankový nepasterovaný Gambrinus 11. Ve členitém prostoru si najdete místo na posezení s přáteli nebo si zahrajete šipky, fotbálek a beerpong. Pro maminky s dětmi je vybudovaný nový dětský koutek.;+420 774 666 604;Restaurace,České a staročeské restaurace,Steak house
Stravex s. r. o.;náměstí Míru 140/1, 37372 Lišov;www.stravex.cz;stravex@seznam.cz;Už 24 let víme co vám chutná a proto vás rádi přivítáme v naší veřejné jídelně, kde si můžete vychutnat tradiční českou kuchyni. Nabízíme komplexní zabezpečení stravovacích služeb pro malé a velké společnosti, závodní stravování, veřejnou jídelnu a rozvoz obědů pro firmy i domácnosti.;+420 724 023 292;Rozvoz hotových jídel,Rozvoz potravin a nápojů,České a staročeské restaurace
Restaurace Ka-Varna;U Fortny 49/10, 74601 Opava, Město;www.ka-varna.cz;gastronomieopava@gastro-opava.cz;Provozujeme restauraci v rekonstruovaném prostoru staré varny, kde se pivo vařilo již od roku 1825. Pilsner Urquell točený na hladinku a pivo z Minipivovaru Nova sladovna. Klasické poctivé hamburgery z hovězího masa. Dále nabízíme steaky, panini, saláty, kávu Illy a další.;+420 553 820 119;Kavárny,Restaurace,Restaurační a pohostinské služby
Pivovar U Švelchů;Nuželická 25, 34201 Sušice III;www.pivovarusvelchu.cz;info@pivovarsusice.cz;Provozujeme pivovar s restaurací a pivnicí. Vaříme a čepujeme nefiltrovaná a nepasterizovaná piva, výčepní a ležácké druhy včetně svrchně kvašených speciálních piv. V restauraci nabízíme polední menu, podáváme polévky, předkrmy, hlavní jídla, dezerty i dětská jídla. V létě venku zahrádka.;+420 725 840 119;Pivovary,Restaurace,Pivnice
